{"cameraMode":{"drawMode":0,"name":"Shaded","section":"Shading Mode"},"sceneLighting":true,"audioPlay":false,"sceneViewState":{"showFog":true,"showMaterialUpdate":false,"showSkybox":true,"showFlares":true,"showImageEffects":true,"showParticleSystems":true},"in2DMode":false,"pivot":{"x":0.00984308123588562,"y":0.8083530068397522,"z":-19.77050018310547},"rotation":{"x":0.01868104375898838,"y":0.4566126763820648,"z":-0.009589577093720436,"w":0.8894203901290894},"size":1.846264123916626,"orthographic":true}