{"cameraMode":{"drawMode":0,"name":"Shaded","section":"Shading Mode"},"sceneLighting":true,"audioPlay":false,"sceneViewState":{"showFog":true,"showMaterialUpdate":false,"showSkybox":true,"showFlares":true,"showImageEffects":true,"showParticleSystems":true},"in2DMode":false,"pivot":{"x":-0.29457053542137148,"y":-0.08871962875127793,"z":0.34303104877471926},"rotation":{"x":-0.006741820834577084,"y":-0.689916729927063,"z":0.00642000138759613,"w":-0.7238460779190064},"size":2.248500108718872,"orthographic":true}